{
 "label": "medium",
 "functions": {
  "branin": {
   "values": [
    1.1734076685666324,
    26.838134902356607,
    17.529338211651236,
    2.5758658667490177,
    0.5871570334072675,
    26.276846050068354,
    1.238216509703026,
    0.5470165897184494,
    0.5800975151022758,
    1.2411072997021009
   ]
  },
  "ackley5": {
   "values": [
    20.837031197585183,
    21.037824784377623,
    21.487599301799218,
    21.699377004070833,
    20.52994181418105,
    21.649687617173022,
    21.325709132920448,
    21.07202969085299,
    21.190111220830897,
    21.124085065107035
   ]
  }
 }
}