{
 "label": "xhigh",
 "functions": {
  "branin": {
   "values": [
    111.35476548128723,
    12.55405786421259,
    13.021485719688604,
    13.106943700565884,
    40.2697923368256,
    17.552365235612324,
    16.56513122021146,
    10.537819431229938,
    17.123977972336824,
    10.92589674149237
   ]
  },
  "ackley5": {
   "values": [
    20.557018214268243,
    19.72350603220604,
    20.984579526877923,
    18.525894579131986,
    17.835430414310103,
    18.28048117297301,
    19.180623993017264,
    18.751897707874637,
    18.712981860724522,
    18.318649509446075
   ]
  }
 }
}