{
 "label": "xhigh",
 "functions": {
  "branin": {
   "values": [
    1.1734076685666324,
    26.838134902356607,
    17.529338211651236,
    11.13705230356386,
    17.508299515778166,
    1.2529645859822818,
    1.551068601999713,
    1.0910321072125093,
    0.7341107481656017,
    0.6208802045100903
   ]
  },
  "ackley5": {
   "values": [
    20.837031197585183,
    21.037824784377623,
    21.487599301799218,
    20.781886891346197,
    21.570311151282485,
    20.781886891346197,
    20.781886891346197,
    4.440892098500626e-16,
    4.253654026568412,
    3.6253849384403627
   ]
  }
 }
}