{
 "label": "medium",
 "functions": {
  "branin": {
   "values": [
    111.35476548128723,
    12.55405786421259,
    13.021485719688604,
    28.901717461374993,
    7.625324715290035,
    8.07689312459495,
    7.371498041918851,
    7.060587508461028,
    7.17605967940858,
    6.6915986064470605
   ]
  },
  "ackley5": {
   "values": [
    20.557018214268243,
    19.72350603220604,
    20.984579526877923,
    19.016868626902237,
    19.30559873726792,
    19.847860779141843,
    13.956933409984899,
    8.816505783361887,
    4.394842990406062,
    2.2453486162322283
   ]
  }
 }
}