{
 "label": "tight",
 "functions": {
  "branin": {
   "curve": [
    [
     4,
     1.1734076685666324
    ],
    [
     5,
     1.1734076685666324
    ],
    [
     6,
     1.1734076685666324
    ],
    [
     7,
     1.1734076685666324
    ],
    [
     8,
     1.1734076685666324
    ],
    [
     9,
     1.1734076685666324
    ],
    [
     10,
     1.1734076685666324
    ],
    [
     11,
     1.1734076685666324
    ],
    [
     12,
     1.1734076685666324
    ],
    [
     14,
     1.1734076685666324
    ]
   ]
  },
  "ackley5": {
   "curve": [
    [
     4,
     20.837031197585183
    ],
    [
     6,
     20.837031197585183
    ],
    [
     10,
     20.837031197585183
    ],
    [
     14,
     20.837031197585183
    ],
    [
     15,
     20.837031197585183
    ],
    [
     19,
     20.8274467954265
    ],
    [
     23,
     20.8274467954265
    ],
    [
     24,
     20.8274467954265
    ],
    [
     25,
     20.8274467954265
    ],
    [
     29,
     20.8274467954265
    ]
   ]
  }
 }
}