{
 "label": "max",
 "functions": {
  "branin": {
   "values": [
    139.96884730699693,
    188.80400829656486,
    107.08845297202653,
    0.7343537376214382,
    0.3980784536652635,
    0.3978873604073563,
    0.3978873577297488,
    0.39788735772973816,
    0.39788735772973816,
    0.3979873577298978
   ]
  },
  "ackley5": {
   "values": [
    21.032109876898346,
    19.385225763380106,
    20.474819843960827,
    4.440892098500626e-16,
    0.004053256053176302,
    1.7888557302114805e-09,
    3.9968028886505635e-15,
    4.440892098500626e-16,
    4.440892098500626e-16,
    4.440892098500626e-16
   ]
  }
 }
}