{
 "label": "tight",
 "functions": {
  "branin": {
   "curve": [
    [
     4,
     111.35476548128723
    ],
    [
     8,
     12.55405786421259
    ],
    [
     9,
     12.55405786421259
    ],
    [
     10,
     12.55405786421259
    ],
    [
     11,
     12.55405786421259
    ],
    [
     12,
     12.55405786421259
    ],
    [
     13,
     12.55405786421259
    ],
    [
     14,
     12.55405786421259
    ],
    [
     15,
     12.55405786421259
    ],
    [
     16,
     12.55405786421259
    ]
   ]
  },
  "ackley5": {
   "curve": [
    [
     4,
     20.557018214268243
    ],
    [
     7,
     20.557018214268243
    ],
    [
     10,
     20.557018214268243
    ],
    [
     12,
     20.557018214268243
    ],
    [
     16,
     20.33116443675717
    ],
    [
     19,
     20.33116443675717
    ],
    [
     20,
     20.33116443675717
    ],
    [
     21,
     20.33116443675717
    ],
    [
     23,
     20.33116443675717
    ],
    [
     24,
     20.33116443675717
    ]
   ]
  }
 }
}