{
 "label": "medium",
 "functions": {
  "branin": {
   "curve": [
    [
     4,
     111.35476548128723
    ],
    [
     8,
     12.55405786421259
    ],
    [
     12,
     12.55405786421259
    ],
    [
     16,
     12.55405786421259
    ],
    [
     20,
     8.910675229141422
    ],
    [
     24,
     8.910675229141422
    ],
    [
     26,
     8.910675229141422
    ],
    [
     30,
     8.910675229141422
    ],
    [
     32,
     8.910675229141422
    ],
    [
     36,
     8.910675229141422
    ]
   ]
  },
  "ackley5": {
   "curve": [
    [
     4,
     20.557018214268243
    ],
    [
     8,
     19.72350603220604
    ],
    [
     12,
     19.72350603220604
    ],
    [
     16,
     18.908813812096668
    ],
    [
     18,
     18.908813812096668
    ],
    [
     20,
     18.908813812096668
    ],
    [
     24,
     17.34662799486505
    ],
    [
     26,
     17.34662799486505
    ],
    [
     30,
     17.34662799486505
    ],
    [
     34,
     17.34662799486505
    ]
   ]
  }
 }
}