{
 "label": "max",
 "functions": {
  "branin": {
   "values": [
    139.96884730699693,
    188.80400829656486,
    107.08845297202653,
    90.15837874009601,
    123.83803826786988,
    88.81476943956855,
    86.45527639407456,
    81.8043460240259,
    3.092484911317573,
    7.7827046481458035
   ]
  },
  "ackley5": {
   "values": [
    21.032109876898346,
    19.385225763380106,
    20.474819843960827,
    15.271955162912379,
    10.485991906402194,
    3.3902640660262695,
    4.440892098500626e-16,
    4.253654026568412,
    0.04531864616482695,
    4.440892098500626e-16
   ]
  }
 }
}