{
 "label": "max",
 "functions": {
  "branin": {
   "values": [
    111.35476548128723,
    12.55405786421259,
    13.021485719688604,
    46.81498551747792,
    19.2801487194097,
    10.285795495253632,
    11.565323338072872,
    10.060951392769836,
    12.004570242371106,
    10.927384349170719
   ]
  },
  "ackley5": {
   "values": [
    20.557018214268243,
    19.72350603220604,
    20.984579526877923,
    19.72350603220604,
    19.1534156075359,
    20.997094085538528,
    18.73379765155079,
    13.832478965431562,
    16.686662898695207,
    6.457126070003035
   ]
  }
 }
}