{
 "label": "tight",
 "functions": {
  "branin": {
   "curve": [
    [
     4,
     1.1734076685666324
    ],
    [
     5,
     1.1734076685666324
    ],
    [
     6,
     1.1734076685666324
    ],
    [
     7,
     1.1734076685666324
    ],
    [
     8,
     1.1734076685666324
    ],
    [
     9,
     1.1734076685666324
    ],
    [
     10,
     1.1734076685666324
    ],
    [
     11,
     1.1734076685666324
    ],
    [
     12,
     1.1734076685666324
    ],
    [
     13,
     1.1734076685666324
    ]
   ]
  },
  "ackley5": {
   "curve": [
    [
     4,
     20.837031197585183
    ],
    [
     5,
     20.837031197585183
    ],
    [
     6,
     20.837031197585183
    ],
    [
     7,
     20.837031197585183
    ],
    [
     8,
     20.837031197585183
    ],
    [
     12,
     20.375003689755285
    ],
    [
     13,
     20.375003689755285
    ],
    [
     14,
     20.375003689755285
    ],
    [
     16,
     20.375003689755285
    ],
    [
     17,
     20.375003689755285
    ]
   ]
  }
 }
}