{
 "label": "max",
 "functions": {
  "branin": {
   "values": [
    1.1734076685666324,
    26.838134902356607,
    17.529338211651236,
    0.3979774552944644,
    0.3978873583005562,
    0.39788735966649114,
    0.3978873577678268,
    0.39788735775266204,
    0.39788735772976125,
    0.39788735772973816
   ]
  },
  "ackley5": {
   "values": [
    20.837031197585183,
    21.037824784377623,
    21.487599301799218,
    4.440892098500626e-16,
    1.7888650316599808e-06,
    1.7910117833253025e-12,
    4.440892098500626e-16,
    4.440892098500626e-16,
    4.440892098500626e-16,
    4.440892098500626e-16
   ]
  }
 }
}