{
 "label": "high",
 "functions": {
  "branin": {
   "values": [
    1.1734076685666324,
    26.838134902356607,
    17.529338211651236,
    0.39824961687083693,
    0.3978873583005562,
    0.39788735772973816,
    0.39788735772973816,
    0.3981123577297385,
    0.3978876077297375,
    0.3978876077297375
   ]
  },
  "ackley5": {
   "values": [
    20.837031197585183,
    21.037824784377623,
    21.487599301799218,
    4.440892098500626e-16,
    4.000000375370405e-08,
    4.000799691539214e-12,
    3.9968028886505635e-15,
    4.440892098500626e-16,
    4.440892098500626e-16,
    4.440892098500626e-16
   ]
  }
 }
}