{
 "label": "high",
 "functions": {
  "branin": {
   "values": [
    139.96884730699693,
    188.80400829656486,
    107.08845297202653,
    4.420514377874035,
    0.3980784536652635,
    0.3978873604073563,
    0.39788735772974704,
    0.39788760947279656,
    0.39788735772973816,
    0.39788771773051756
   ]
  },
  "ackley5": {
   "values": [
    21.032109876898346,
    19.385225763380106,
    20.474819843960827,
    15.617855440467942,
    4.440892098500626e-16,
    4.000799691539214e-12,
    4.440892098500626e-16,
    4.440892098500626e-16,
    4.440892098500626e-16,
    4.440892098500626e-16
   ]
  }
 }
}