{
 "label": "max",
 "functions": {
  "branin": {
   "values": [
    1.1734076685666324,
    26.838134902356607,
    17.529338211651236,
    10.465868803843502,
    17.508299515778166,
    1.1284927362930244,
    0.8108621363455661,
    0.7555419282572391,
    0.7060142175573993,
    0.5292429623931518
   ]
  },
  "ackley5": {
   "values": [
    20.837031197585183,
    21.037824784377623,
    21.487599301799218,
    19.20971892900374,
    4.440892098500626e-16,
    0.004053256053176302,
    0.018953116194705633,
    0.021330980450934067,
    4.440892098500626e-16,
    21.570311151282485
   ]
  }
 }
}