{
 "label": "xhigh",
 "functions": {
  "branin": {
   "values": [
    1.1734076685666324,
    26.838134902356607,
    17.529338211651236,
    0.39824961687083693,
    0.3978873583005562,
    0.3978873584593021,
    0.39788735772973816,
    0.39788735772973816,
    0.39788735772973816,
    0.39788735782973816
   ]
  },
  "ackley5": {
   "values": [
    20.837031197585183,
    21.037824784377623,
    21.487599301799218,
    4.440892098500626e-16,
    1.788854619988456e-08,
    1.7910117833253025e-12,
    4.440892098500626e-16,
    4.440892098500626e-16,
    4.440892098500626e-16,
    4.440892098500626e-16
   ]
  }
 }
}