{
 "label": "low",
 "functions": {
  "branin": {
   "values": [
    111.35476548128723,
    12.55405786421259,
    13.021485719688604,
    29.56677036557971,
    10.841910540044317,
    7.943532282087401,
    5.4306142129496715,
    4.623558807756617,
    3.3093180340359982,
    2.081945108860384
   ]
  },
  "ackley5": {
   "values": [
    20.557018214268243,
    19.72350603220604,
    20.984579526877923,
    19.486070788201847,
    20.65296625127332,
    19.38349881030835,
    19.668839665438888,
    20.286010731684648,
    19.873184922504922,
    20.335312010478194
   ]
  }
 }
}