{
 "label": "medium",
 "functions": {
  "branin": {
   "values": [
    139.96884730699693,
    188.80400829656486,
    107.08845297202653,
    0.6162568235440613,
    0.3980186307302809,
    0.6495489648698545,
    0.4177842721189684,
    0.3978873604073563,
    0.39788735808385667,
    0.3978873578042137
   ]
  },
  "ackley5": {
   "values": [
    21.032109876898346,
    19.385225763380106,
    20.474819843960827,
    4.440892098500626e-16,
    4.000053256181246e-06,
    4.000799691539214e-12,
    4.440892098500626e-16,
    4.440892098500626e-16,
    4.440892098500626e-16,
    4.440892098500626e-16
   ]
  }
 }
}