{
 "label": "medium",
 "functions": {
  "branin": {
   "values": [
    111.35476548128723,
    12.55405786421259,
    13.021485719688604,
    0.3978873580216735,
    0.39788735772973816,
    0.43788735772655407,
    0.4378873577329223,
    0.3978876077297464,
    0.397887367729739,
    0.39788735772973816
   ]
  },
  "ackley5": {
   "values": [
    20.557018214268243,
    19.72350603220604,
    20.984579526877923,
    4.440892098500626e-16,
    4.000000375370405e-08,
    4.000799691539214e-12,
    4.440892098500626e-16,
    4.440892098500626e-16,
    4.440892098500626e-16,
    4.440892098500626e-16
   ]
  }
 }
}