{
 "label": "medium",
 "functions": {
  "branin": {
   "curve": [
    [
     4,
     1.1734076685666324
    ],
    [
     6,
     1.1734076685666324
    ],
    [
     8,
     1.1734076685666324
    ],
    [
     10,
     1.1734076685666324
    ],
    [
     12,
     1.1734076685666324
    ],
    [
     16,
     1.1734076685666324
    ],
    [
     20,
     1.1734076685666324
    ],
    [
     24,
     1.1734076685666324
    ],
    [
     26,
     1.1734076685666324
    ],
    [
     30,
     0.962075400475733
    ]
   ]
  },
  "ackley5": {
   "curve": [
    [
     4,
     20.837031197585183
    ],
    [
     8,
     20.837031197585183
    ],
    [
     12,
     20.837031197585183
    ],
    [
     16,
     20.837031197585183
    ],
    [
     20,
     4.440892098500626e-16
    ],
    [
     24,
     4.440892098500626e-16
    ],
    [
     28,
     4.440892098500626e-16
    ],
    [
     32,
     4.440892098500626e-16
    ],
    [
     36,
     4.440892098500626e-16
    ],
    [
     40,
     4.440892098500626e-16
    ]
   ]
  }
 }
}