{
 "label": "low",
 "functions": {
  "branin": {
   "values": [
    1.1734076685666324,
    26.838134902356607,
    17.529338211651236,
    0.3978873583005562,
    0.39788735772973816,
    0.4485123577297383,
    0.4485123577297383,
    0.39788735772973816,
    0.39788735772973816,
    0.402112975842039
   ]
  },
  "ackley5": {
   "values": [
    20.837031197585183,
    21.037824784377623,
    21.487599301799218,
    19.615627767803996,
    15.432038853284634,
    11.885614604745856,
    7.518076845862904,
    4.440892098500626e-16,
    4.000053256181246e-06,
    4.000053256181246e-06
   ]
  }
 }
}