{
 "label": "high",
 "functions": {
  "branin": {
   "values": [
    111.35476548128723,
    12.55405786421259,
    13.021485719688604,
    0.4079844265442887,
    0.3978873580216735,
    0.3978873604073563,
    0.39788735772973816,
    0.39788735772973816,
    0.3979873577297379,
    0.397887367729739
   ]
  },
  "ackley5": {
   "values": [
    20.557018214268243,
    19.72350603220604,
    20.984579526877923,
    4.440892098500626e-16,
    0.00040053256728400655,
    4.000799691539214e-12,
    4.440892098500626e-16,
    4.440892098500626e-16,
    4.440892098500626e-16,
    4.440892098500626e-16
   ]
  }
 }
}