{
 "label": "low",
 "functions": {
  "branin": {
   "values": [
    139.96884730699693,
    188.80400829656486,
    107.08845297202653,
    1.9908239702882753,
    0.3980784536652635,
    0.3978873604073563,
    0.39788735772973816,
    0.39788735772973816,
    0.39788735772973816,
    0.39788735773073824
   ]
  },
  "ackley5": {
   "values": [
    21.032109876898346,
    19.385225763380106,
    20.474819843960827,
    8.724777656380628,
    4.468327511340707,
    1.9923552076236146,
    0.20789301247489833,
    4.440892098500626e-16,
    0.004053256053176302,
    4.000000375370405e-08
   ]
  }
 }
}