{
 "label": "low",
 "functions": {
  "branin": {
   "values": [
    139.96884730699693,
    188.80400829656486,
    107.08845297202653,
    187.70729664937116,
    72.03753617043873,
    21.813993941403833,
    5.854683575046954,
    0.7157582460430607,
    4.166975648038841,
    1.6839216195387046
   ]
  },
  "ackley5": {
   "values": [
    21.032109876898346,
    19.385225763380106,
    20.474819843960827,
    18.18622441875966,
    16.975059285608243,
    9.859834882743298,
    6.911010651302707,
    4.0341042544113,
    1.955482982942279,
    4.440892098500626e-16
   ]
  }
 }
}