{
 "label": "medium",
 "functions": {
  "branin": {
   "values": [
    1.1734076685666324,
    26.838134902356607,
    17.529338211651236,
    0.39788735772973816,
    0.39788735772973816,
    0.39788735772973816,
    0.40788735772973794,
    120.51737445722081,
    0.3978883577297374,
    0.3978873577297488
   ]
  },
  "ackley5": {
   "values": [
    20.837031197585183,
    21.037824784377623,
    21.487599301799218,
    4.440892098500626e-16,
    0.004053256053176302,
    4.000000775050694e-09,
    4.000799691539214e-12,
    3.9968028886505635e-15,
    4.440892098500626e-16,
    4.440892098500626e-16
   ]
  }
 }
}