{
 "label": "max",
 "functions": {
  "branin": {
   "values": [
    111.35476548128723,
    12.55405786421259,
    13.021485719688604,
    0.40487669202949306,
    0.3978873580216735,
    0.3978873583005562,
    0.3978873604073563,
    0.39788735772973816,
    0.39788735772973816,
    0.39788735772973816
   ]
  },
  "ackley5": {
   "values": [
    20.557018214268243,
    19.72350603220604,
    20.984579526877923,
    4.440892098500626e-16,
    1.7888557302114805e-09,
    1.7910117833253025e-12,
    4.440892098500626e-16,
    4.440892098500626e-16,
    4.440892098500626e-16,
    4.440892098500626e-16
   ]
  }
 }
}