{
 "label": "low",
 "functions": {
  "branin": {
   "values": [
    1.1734076685666324,
    26.838134902356607,
    17.529338211651236,
    26.320379165361018,
    24.495513899993096,
    0.4979107097873232,
    3.7402257172134252,
    7.207899346645991,
    0.43691004222948493,
    0.5139955228922659
   ]
  },
  "ackley5": {
   "values": [
    20.837031197585183,
    21.037824784377623,
    21.487599301799218,
    18.633229441518164,
    19.45655077655529,
    17.666791326692447,
    11.823165604043918,
    9.381323809127077,
    3.2759661863843736,
    2.809419178671519
   ]
  }
 }
}