{
 "label": "low",
 "functions": {
  "branin": {
   "values": [
    111.35476548128723,
    12.55405786421259,
    13.021485719688604,
    0.40487669202949306,
    0.3978873580216735,
    0.39788735772973816,
    0.40351235772973837,
    0.39788735772973816,
    0.39788735772973816,
    0.3978876077297375
   ]
  },
  "ackley5": {
   "values": [
    20.557018214268243,
    19.72350603220604,
    20.984579526877923,
    4.440892098500626e-16,
    4.000053256181246e-06,
    4.000799691539214e-12,
    4.440892098500626e-16,
    4.440892098500626e-16,
    4.440892098500626e-16,
    4.440892098500626e-16
   ]
  }
 }
}