{
 "label": "xhigh",
 "functions": {
  "branin": {
   "values": [
    139.96884730699693,
    188.80400829656486,
    107.08845297202653,
    7.022612437884743,
    7.022612437884743,
    8.780869599717708,
    5.101142042737239,
    3.6796716475897338,
    2.7582012524422277,
    2.3367308572947225
   ]
  },
  "ackley5": {
   "values": [
    21.032109876898346,
    19.385225763380106,
    20.474819843960827,
    19.09298044498058,
    17.502356484076916,
    19.57706062842419,
    17.862441486792285,
    19.316663118762012,
    18.776588942564164,
    18.39491395852308
   ]
  }
 }
}