{
 "label": "loose",
 "functions": {
  "branin": {
   "curve": [
    [
     4,
     111.35476548128723
    ],
    [
     8,
     12.55405786421259
    ],
    [
     12,
     12.55405786421259
    ],
    [
     16,
     12.55405786421259
    ],
    [
     20,
     8.358221320087978
    ],
    [
     24,
     8.358221320087978
    ],
    [
     28,
     8.358221320087978
    ],
    [
     32,
     8.154325269612915
    ],
    [
     36,
     8.04184933986056
    ],
    [
     40,
     7.796416959627641
    ]
   ]
  },
  "ackley5": {
   "curve": [
    [
     4,
     20.557018214268243
    ],
    [
     8,
     19.72350603220604
    ],
    [
     12,
     19.72350603220604
    ],
    [
     16,
     6.593599079287213
    ],
    [
     20,
     6.593599079287213
    ],
    [
     24,
     6.593599079287213
    ],
    [
     28,
     6.593599079287213
    ],
    [
     32,
     4.253654026568412
    ],
    [
     36,
     2.1404075273138443
    ],
    [
     40,
     0.7157651249753774
    ]
   ]
  }
 }
}