{
 "label": "loose",
 "functions": {
  "branin": {
   "curve": [
    [
     4,
     1.1734076685666324
    ],
    [
     8,
     1.1734076685666324
    ],
    [
     12,
     1.1734076685666324
    ],
    [
     16,
     1.1734076685666324
    ],
    [
     20,
     1.1284927362930244
    ],
    [
     24,
     0.4979107097873232
    ],
    [
     28,
     0.4979107097873232
    ],
    [
     32,
     0.4979107097873232
    ],
    [
     36,
     0.4979107097873232
    ],
    [
     40,
     0.44586238238343867
    ]
   ]
  },
  "ackley5": {
   "curve": [
    [
     4,
     20.837031197585183
    ],
    [
     8,
     20.837031197585183
    ],
    [
     12,
     20.837031197585183
    ],
    [
     16,
     19.47599036701705
    ],
    [
     20,
     19.47599036701705
    ],
    [
     24,
     19.47599036701705
    ],
    [
     28,
     19.47599036701705
    ],
    [
     32,
     19.47599036701705
    ],
    [
     36,
     19.47599036701705
    ],
    [
     40,
     19.47599036701705
    ]
   ]
  }
 }
}