{
 "label": "medium",
 "functions": {
  "branin": {
   "curve": [
    [
     4,
     111.35476548128723
    ],
    [
     8,
     12.55405786421259
    ],
    [
     12,
     12.55405786421259
    ],
    [
     16,
     0.40487669202949306
    ],
    [
     20,
     0.3978873580216735
    ],
    [
     24,
     0.3978873580216735
    ],
    [
     28,
     0.3978873580216735
    ],
    [
     32,
     0.39788735772973816
    ],
    [
     36,
     0.39788735772973816
    ],
    [
     40,
     0.39788735772973816
    ]
   ]
  },
  "ackley5": {
   "curve": [
    [
     4,
     20.557018214268243
    ],
    [
     8,
     19.72350603220604
    ],
    [
     10,
     19.72350603220604
    ],
    [
     14,
     19.72350603220604
    ],
    [
     18,
     19.72350603220604
    ],
    [
     22,
     4.440892098500626e-16
    ],
    [
     26,
     4.440892098500626e-16
    ],
    [
     30,
     4.440892098500626e-16
    ],
    [
     34,
     4.440892098500626e-16
    ],
    [
     38,
     4.440892098500626e-16
    ]
   ]
  }
 }
}