{
 "label": "medium",
 "functions": {
  "branin": {
   "values": [
    139.96884730699693,
    188.80400829656486,
    107.08845297202653,
    70.7638954571769,
    22.207152859119958,
    9.935660132341958,
    2.7582012524422277,
    6.699065473407788,
    1.6274981540551003,
    1.0911743967296648
   ]
  },
  "ackley5": {
   "values": [
    21.032109876898346,
    19.385225763380106,
    20.474819843960827,
    8.245350444069976,
    4.440892098500626e-16,
    0.004053256053176302,
    0.19027490137494185,
    0.0013325081478368084,
    0.19027490137494185,
    0.00013272357401961088
   ]
  }
 }
}