{
 "label": "loose",
 "functions": {
  "branin": {
   "curve": [
    [
     4,
     111.35476548128723
    ],
    [
     8,
     12.55405786421259
    ],
    [
     12,
     12.55405786421259
    ],
    [
     16,
     0.4035014007606108
    ],
    [
     20,
     0.3978873580216735
    ],
    [
     24,
     0.39788735775266204
    ],
    [
     28,
     0.39788735775266204
    ],
    [
     32,
     0.39788735772973816
    ],
    [
     36,
     0.39788735772973816
    ],
    [
     40,
     0.39788735772973816
    ]
   ]
  },
  "ackley5": {
   "curve": [
    [
     4,
     20.557018214268243
    ],
    [
     8,
     19.72350603220604
    ],
    [
     12,
     19.72350603220604
    ],
    [
     16,
     4.440892098500626e-16
    ],
    [
     20,
     4.440892098500626e-16
    ],
    [
     24,
     4.440892098500626e-16
    ],
    [
     28,
     4.440892098500626e-16
    ],
    [
     32,
     4.440892098500626e-16
    ],
    [
     36,
     4.440892098500626e-16
    ],
    [
     40,
     4.440892098500626e-16
    ]
   ]
  }
 }
}