{
 "label": "tight",
 "functions": {
  "branin": {
   "curve": [
    [
     4,
     111.35476548128723
    ],
    [
     8,
     12.55405786421259
    ],
    [
     10,
     12.55405786421259
    ],
    [
     13,
     12.55405786421259
    ],
    [
     14,
     12.55405786421259
    ],
    [
     15,
     12.55405786421259
    ],
    [
     16,
     12.55405786421259
    ],
    [
     20,
     10.780960680752052
    ],
    [
     21,
     10.780960680752052
    ],
    [
     24,
     10.780960680752052
    ]
   ]
  },
  "ackley5": {
   "curve": [
    [
     4,
     20.557018214268243
    ],
    [
     8,
     19.72350603220604
    ],
    [
     9,
     19.72350603220604
    ],
    [
     10,
     19.72350603220604
    ],
    [
     11,
     19.72350603220604
    ],
    [
     13,
     19.72350603220604
    ],
    [
     14,
     19.72350603220604
    ],
    [
     15,
     19.72350603220604
    ],
    [
     17,
     19.72350603220604
    ],
    [
     18,
     19.72350603220604
    ]
   ]
  }
 }
}