{
 "label": "xhigh",
 "functions": {
  "branin": {
   "values": [
    139.96884730699693,
    188.80400829656486,
    107.08845297202653,
    0.4435873643641166,
    0.3981067992025178,
    0.3978876295103593,
    0.39788735775266204,
    0.3978873580216735,
    0.3978873583005562,
    0.39788735772973816
   ]
  },
  "ackley5": {
   "values": [
    21.032109876898346,
    19.385225763380106,
    20.474819843960827,
    4.440892098500626e-16,
    4.000053256181246e-06,
    6.814548925149211e-12,
    21.658985641125533,
    4.440892098500626e-16,
    4.440892098500626e-16,
    4.440892098500626e-16
   ]
  }
 }
}